[{"name": "animationwindow", "id": "04a1477@@animationwindow@sta", "type": "static library", "defined_in": "/Users/aryaraeesi/Documents/NTNU/2. semester NTNU/Prosedyre og objektorientert programmering/\u00d8vinger/Oving6-1/subprojects/animationwindow/meson.build", "filename": ["/Users/aryaraeesi/Documents/NTNU/2. semester NTNU/Prosedyre og objektorientert programmering/\u00d8vinger/Oving6-1/builddir/subprojects/animationwindow/libanimationwindow.a"], "build_by_default": true, "target_sources": [{"language": "cpp", "compiler": ["c++"], "parameters": ["-I/Users/aryaraeesi/Documents/NTNU/2. semester NTNU/Prosedyre og objektorientert programmering/\u00d8vinger/Oving6-1/builddir/subprojects/animationwindow/libanimationwindow.a.p", "-I/Users/aryaraeesi/Documents/NTNU/2. semester NTNU/Prosedyre og objektorientert programmering/\u00d8vinger/Oving6-1/builddir/subprojects/animationwindow", "-I/Users/aryaraeesi/Documents/NTNU/2. semester NTNU/Prosedyre og objektorientert programmering/\u00d8vinger/Oving6-1/subprojects/animationwindow", "-I/Users/aryaraeesi/Documents/NTNU/2. semester NTNU/Prosedyre og objektorientert programmering/\u00d8vinger/Oving6-1/subprojects/animationwindow/include", "-I/usr/local/include/SDL2", "-fcolor-diagnostics", "-Wall", "-Winvalid-pch", "-Wextra", "-std=c++17", "-O0", "-g", "-D_THREAD_SAFE"], "sources": ["/Users/aryaraeesi/Documents/NTNU/2. semester NTNU/Prosedyre og objektorientert programmering/\u00d8vinger/Oving6-1/subprojects/animationwindow/src/internal/FontCache.cpp", "/Users/aryaraeesi/Documents/NTNU/2. semester NTNU/Prosedyre og objektorientert programmering/\u00d8vinger/Oving6-1/subprojects/animationwindow/src/internal/KeyboardKeyConverter.cpp", "/Users/aryaraeesi/Documents/NTNU/2. semester NTNU/Prosedyre og objektorientert programmering/\u00d8vinger/Oving6-1/subprojects/animationwindow/src/internal/nuklear_implementation.cpp", "/Users/aryaraeesi/Documents/NTNU/2. semester NTNU/Prosedyre og objektorientert programmering/\u00d8vinger/Oving6-1/subprojects/animationwindow/src/widgets/Button.cpp", "/Users/aryaraeesi/Documents/NTNU/2. semester NTNU/Prosedyre og objektorientert programmering/\u00d8vinger/Oving6-1/subprojects/animationwindow/src/widgets/TextInput.cpp", "/Users/aryaraeesi/Documents/NTNU/2. semester NTNU/Prosedyre og objektorientert programmering/\u00d8vinger/Oving6-1/subprojects/animationwindow/src/widgets/DropdownList.cpp", "/Users/aryaraeesi/Documents/NTNU/2. semester NTNU/Prosedyre og objektorientert programmering/\u00d8vinger/Oving6-1/subprojects/animationwindow/src/AnimationWindow.cpp", "/Users/aryaraeesi/Documents/NTNU/2. semester NTNU/Prosedyre og objektorientert programmering/\u00d8vinger/Oving6-1/subprojects/animationwindow/src/Color.cpp", "/Users/aryaraeesi/Documents/NTNU/2. semester NTNU/Prosedyre og objektorientert programmering/\u00d8vinger/Oving6-1/subprojects/animationwindow/src/Image.cpp", "/Users/aryaraeesi/Documents/NTNU/2. semester NTNU/Prosedyre og objektorientert programmering/\u00d8vinger/Oving6-1/subprojects/animationwindow/src/Widget.cpp"], "generated_sources": []}], "extra_files": [], "subproject": "animationwindow", "installed": true, "install_filename": ["/usr/local/lib/libanimationwindow.a"]}, {"name": "program", "id": "program@exe", "type": "executable", "defined_in": "/Users/aryaraeesi/Documents/NTNU/2. semester NTNU/Prosedyre og objektorientert programmering/\u00d8vinger/Oving6-1/meson.build", "filename": ["/Users/aryaraeesi/Documents/NTNU/2. semester NTNU/Prosedyre og objektorientert programmering/\u00d8vinger/Oving6-1/builddir/program"], "build_by_default": true, "target_sources": [{"language": "cpp", "compiler": ["c++"], "parameters": ["-I/Users/aryaraeesi/Documents/NTNU/2. semester NTNU/Prosedyre og objektorientert programmering/\u00d8vinger/Oving6-1/builddir/program.p", "-I/Users/aryaraeesi/Documents/NTNU/2. semester NTNU/Prosedyre og objektorientert programmering/\u00d8vinger/Oving6-1/builddir", "-I/Users/aryaraeesi/Documents/NTNU/2. semester NTNU/Prosedyre og objektorientert programmering/\u00d8vinger/Oving6-1", "-I/Users/aryaraeesi/Documents/NTNU/2. semester NTNU/Prosedyre og objektorientert programmering/\u00d8vinger/Oving6-1/subprojects/animationwindow/include", "-I/usr/local/include/SDL2", "-fcolor-diagnostics", "-Wall", "-Winvalid-pch", "-Wextra", "-std=c++17", "-O0", "-g", "-D_THREAD_SAFE", "-Wconversion", "-fdiagnostics-color=always", "-Werror=return-type", "-fcolor-diagnostics", "-fansi-escape-codes"], "sources": ["/Users/aryaraeesi/Documents/NTNU/2. semester NTNU/Prosedyre og objektorientert programmering/\u00d8vinger/Oving6-1/main.cpp", "/Users/aryaraeesi/Documents/NTNU/2. semester NTNU/Prosedyre og objektorientert programmering/\u00d8vinger/Oving6-1/opg3.cpp", "/Users/aryaraeesi/Documents/NTNU/2. semester NTNU/Prosedyre og objektorientert programmering/\u00d8vinger/Oving6-1/temp.cpp"], "generated_sources": []}], "extra_files": [], "subproject": null, "installed": false}]