{"targets": {"/Users/aryaraeesi/Documents/NTNU/2. semester NTNU/Prosedyre og objektorientert programmering/\u00d8vinger/Oving-1/builddir/subprojects/animationwindow/libanimationwindow.a": {"destination": "{libdir_static}/libanimationwindow.a", "tag": "devel"}}, "data": {"/Users/aryaraeesi/Documents/NTNU/2. semester NTNU/Prosedyre og objektorientert programmering/\u00d8vinger/Oving-1/builddir/meson-private/animationwindow.pc": {"destination": "{libdir}/pkgconfig/animationwindow.pc", "tag": "devel"}}, "install_subdirs": {"/Users/aryaraeesi/Documents/NTNU/2. semester NTNU/Prosedyre og objektorientert programmering/\u00d8vinger/Oving-1/subprojects/animationwindow/include": {"destination": "{prefix}/./include", "tag": null}, "/Users/aryaraeesi/Documents/NTNU/2. semester NTNU/Prosedyre og objektorientert programmering/\u00d8vinger/Oving-1/subprojects/animationwindow/src": {"destination": "{prefix}/./src", "tag": null}}}