{"meson_version": {"full": "1.0.0", "major": 1, "minor": 0, "patch": 0}, "directories": {"source": "/Users/aryaraeesi/Documents/NTNU/2. semester NTNU/Prosedyre og objektorientert programmering/\u00d8vinger/Oving5", "build": "/Users/aryaraeesi/Documents/NTNU/2. semester NTNU/Prosedyre og objektorientert programmering/\u00d8vinger/Oving5/builddir", "info": "/Users/aryaraeesi/Documents/NTNU/2. semester NTNU/Prosedyre og objektorientert programmering/\u00d8vinger/Oving5/builddir/meson-info"}, "introspection": {"version": {"full": "1.0.0", "major": 1, "minor": 0, "patch": 0}, "information": {"benchmarks": {"file": "intro-benchmarks.json", "updated": true}, "buildoptions": {"file": "intro-buildoptions.json", "updated": true}, "buildsystem_files": {"file": "intro-buildsystem_files.json", "updated": true}, "dependencies": {"file": "intro-dependencies.json", "updated": true}, "installed": {"file": "intro-installed.json", "updated": true}, "install_plan": {"file": "intro-install_plan.json", "updated": true}, "projectinfo": {"file": "intro-projectinfo.json", "updated": true}, "targets": {"file": "intro-targets.json", "updated": true}, "tests": {"file": "intro-tests.json", "updated": true}}}, "build_files_updated": true, "error": false}